{"cameraMode":{"drawMode":0,"name":"Shaded","section":"Shading Mode"},"sceneLighting":false,"audioPlay":false,"sceneViewState":{"showFog":true,"showMaterialUpdate":false,"showSkybox":false,"showFlares":true,"showImageEffects":true,"showParticleSystems":true},"in2DMode":false,"pivot":{"x":-7.450580596923828e-8,"y":0.38104480504989626,"z":4.470348358154297e-8},"rotation":{"x":0.21006543934345246,"y":-0.7352051734924316,"z":0.26555687189102175,"w":0.5877268314361572},"size":1.6497783660888672,"orthographic":false}