{"cameraMode":{"drawMode":0,"name":"Shaded","section":"Shading Mode"},"sceneLighting":true,"audioPlay":false,"sceneViewState":{"showFog":true,"showMaterialUpdate":false,"showSkybox":true,"showFlares":true,"showImageEffects":true,"showParticleSystems":true},"in2DMode":false,"pivot":{"x":15.586674690246582,"y":-143.7758026123047,"z":3.7019128799438478},"rotation":{"x":-0.49409914016723635,"y":-0.5078476071357727,"z":0.498078852891922,"w":-0.5004820227622986},"size":329.59033203125,"orthographic":false}