{"cameraMode":{"drawMode":0,"name":"Shaded","section":"Shading Mode"},"sceneLighting":true,"audioPlay":false,"sceneViewState":{"showFog":true,"showMaterialUpdate":false,"showSkybox":true,"showFlares":true,"showImageEffects":true,"showParticleSystems":true},"in2DMode":false,"pivot":{"x":-17.35378646850586,"y":0.8494491577148438,"z":-14.14515495300293},"rotation":{"x":-0.49173831939697268,"y":-0.509978711605072,"z":0.48827093839645388,"w":-0.5102115869522095},"size":154.6977081298828,"orthographic":false}